Index,Direction,Timesteamp,Name,ID,PGN(H),Addr Src(H),Addr Dst(H),Format,Type,Length,Data,Comment
1,Receive,1037.5641,ETC1,0CF00203,00F002,3,--,Extend,Data frm,8,CD EE 18 00 F4 31 20 FF ,
,Name,Physical value,Description,Comment,Raw value(H),StartBit,BitWidth,Factor,Offset,,,
,TransDrivelineEngaged,0,Driveline disengaged,,0,0,2,1,0,,,
,TrnsTorqueConverterLockupEngaged,3,Not available,,3,2,2,1,0,,,
,TransShiftInProcess,0,Shift is not in process,,0,4,2,1,0,,,
,TrnsTrqCnvrtrLckpTrnstnInProcess,3,Not available,,3,6,2,1,0,,,
,TransOutputShaftSpeed,0.125rpm,--,,1,8,16,0.125,0,,,
,PercentClutchSlip,0%,--,,0,24,8,0.4,0,,,
,EngMomentaryOverspeedEnable,0,Momentary engine overspeed is disabled,,0,32,2,1,0,,,
,ProgressiveShiftDisable,1,Progressive shift is disabled,,1,34,2,1,0,,,
,MomentaryEngMaxPowerEnable,3,not available,,3,36,2,1,0,,,
,TransInputShaftSpeed,551rpm,--,,1138,40,16,0.125,0,,,
,SrcAddrssOfCntrllngDvcFrTrnsCtrl,255,--,,FF,56,8,1,0,,,
2,Receive,1037.4764,ETC2,18F00503,00F005,3,--,Extend,Data frm,8,88 0C 05 88 20 44 FF FF ,
,Name,Physical value,Description,Comment,Raw value(H),StartBit,BitWidth,Factor,Offset,,,
,TransSelectedGear,11,--,,88,0,8,1,-125,,,
,TransActualGearRatio,1.292,--,,50C,8,16,0.001,0,,,
,TransCurrentGear,11,--,,88,24,8,1,-125,,,
,TransRequestedRange,17440per byte,--,,4420,32,16,1,0,,,
,TransCurrentRange,65535per byte,--,,FFFF,48,16,1,0,,,
3,Receive,1037.4782,ETC7,18FE4A03,00FE4A,3,--,Extend,Data frm,8,FF FD EF FF C1 FF FF FF ,
,Name,Physical value,Description,Comment,Raw value(H),StartBit,BitWidth,Factor,Offset,,,
,TrnsCrrentRangeDisplayBlankState,3,--,,3,0,2,1,0,,,
,TransServiceIndicator,3,Not available,,3,2,2,1,0,,,
,TrnsRqstedRangeDisplayBlankState,3,Take no action,,3,4,2,1,0,,,
,TrnsRqstedRangeDisplayFlashState,3,Take no action,,3,6,2,1,0,,,
,TransReadyForBrakeRelease,3,Not available,,3,8,2,1,0,,,
,ActiveShiftConsoleIndicator,3,Not available,,3,10,2,1,0,,,
,TransEngCrankEnable,3,Not available,,3,12,2,1,0,,,
,TransShiftInhibitIndicator,3,Take no action,,3,14,2,1,0,,,
,TransMode4Indicator,3,Not available,,3,16,2,1,0,,,
,TransMode3Indicator,3,Not available,,3,18,2,1,0,,,
,TransMode2Indicator,2,Error,,2,20,2,1,0,,,
,TransMode1Indicator,3,Not available,,3,22,2,1,0,,,
,TransRequestedGearFeedback,130,--,,FF,24,8,1,-125,,,
,TransMode5Indicator,1,Enable,,1,32,2,1,0,,,
,TransMode6Indicator,0,Disable,,0,34,2,1,0,,,
,TransMode7Indicator,0,Disable,,0,36,2,1,0,,,
,TransMode8Indicator,3,Take no action,,3,38,2,1,0,,,
,TrnsRverseGearShiftInhibitStatus,3,Not Available,,3,40,2,1,0,,,
,TransWarningIndicator,3,Not available,,3,42,2,1,0,,,
4,Receive,1037.5242,EGF1,0CF00A00,00F00A,0,--,Extend,Data frm,8,B6 10 B5 0E FF FF FF FF ,
,Name,Physical value,Description,Comment,Raw value(H),StartBit,BitWidth,Factor,Offset,,,
,EngExhstGsRcrcltion1MassFlowRate,68kg/h,--,,550,0,16,0.05,0,,,
,EngIntakeAirMassFlowRate,375.65kg/h,--,,1D59,16,16,0.05,0,,,
,EngExhstGsRcrcltion2MassFlowRate,3276.75kg/h,--,,FFFF,32,16,0.05,0,,,
5,Receive,1037.5254,LFE,18FEF200,00FEF2,0,--,Extend,Data frm,8,00 00 00 00 5E 07 00 FF ,
,Name,Physical value,Description,Comment,Raw value(H),StartBit,BitWidth,Factor,Offset,,,
,EngFuelRate,0L/h,--,,0,0,16,0.05,0,,,
,EngInstantaneousFuelEconomy,0km/L,--,,0,16,16,0.001953155,0,,,
,EngAverageFuelEconomy,3.683651077737139km/L,--,,75E,32,16,0.001953155,0,,,
,EngThrottleValve1Pos,0%,--,,0,48,8,0.4,0,,,
,EngThrottleValve2Pos,102%,--,,FF,56,8,0.4,0,,,
6,Receive,1037.5667,EEC1,0CF00400,00F004,0,--,Extend,Data frm,8,00 7D 7D 10 20 FF FF FF ,
,Name,Physical value,Description,Comment,Raw value(H),StartBit,BitWidth,Factor,Offset,,,
,EngTorqueMode,1,--,,1,0,4,1,0,,,
,ActlEngPrcntTorqueHighResolution,0,0,,0,4,4,1,0,,,
,DriversDemandEngPercentTorque,32%,--,,9D,8,8,1,-125,,,
,ActualEngPercentTorque,32%,--,,9D,16,8,1,-125,,,
,EngSpeed,1067rpm,--,,2158,24,16,0.125,0,,,
,SrcAddrssOfCntrllngDvcForEngCtrl,255,--,,FF,40,8,1,0,,,
,EngStarterMode,15,not available,,F,48,4,1,0,,,
,EngDemandPercentTorque,130%,--,,FF,56,8,1,-125,,,
7,Receive,1037.546,--,18FF8225,00FF82,25,--,Extend,Data frm,8,30 0C 0F 03 FF FF FF FF ,
8,Receive,1037.5372,--,18FCE100,00FCE1,0,--,Extend,Data frm,8,00 00 00 00 FF FF FF FF ,
9,Receive,1037.53,VDC2,18F0090B,00F009,0B,--,Extend,Data frm,8,68 7D 60 70 7D 57 7D 7B ,
,Name,Physical value,Description,Comment,Raw value(H),StartBit,BitWidth,Factor,Offset,,,
,SteerWheelAngle,-0.0297846704535516rad,--,,7D61,0,16,0.000976547,-31.374,,,
,SteerWheelTurnCounter,0turns,--,,20,16,6,1,-32,,,
,SteerWheelAngleSensorType,1,Absolute measuring principle,,1,22,2,1,0,,,
,YawRate,-0.001403159287348466rad/s,--,,7D74,24,16,0.000122014,-3.92,,,
,LateralAcceleration,0.2394980468444956m/s²,--,,7F6A,40,16,0.000488273,-15.687,,,
,LongitudinalAcceleration,0m/s²,--,,7D,56,8,0.1,-12.5,,,
10,Receive,1037.5577,OWW,18FDCD27,00FDCD,27,--,Extend,Data frm,8,3F FF FF FF FF FF FF FF ,
,Name,Physical value,Description,Comment,Raw value(H),StartBit,BitWidth,Factor,Offset,,,
,FrontNonoperatorWiperSwitch,15,Not available do not change,,F,0,4,1,0,,,
,FrontOperatorWiperSwitch,3,High,,3,4,4,1,0,,,
,RearWiperSwitch,15,Not available do not change,,F,12,4,1,0,,,
,FrontOperatorWiperDelayCtrl,102%,--,,FF,16,8,0.4,0,,,
,FrontNonoperatorWiperDelayCtrl,102%,--,,FF,24,8,0.4,0,,,
,RearWiperDelayCtrl,102%,--,,FF,32,8,0.4,0,,,
,FrontNonoperatorWasherSwitch,7,Not available do not change,,7,42,3,1,0,,,
,FrontOperatorWasherSwitch,7,Not available do not change,,7,45,3,1,0,,,
,RearWasherFunction,7,Not available do not change,,7,53,3,1,0,,,
11,Receive,1037.534,EBC1,18F0010B,00F001,0B,--,Extend,Data frm,8,00 00 C3 FF FF 01 FF 3F ,
,Name,Physical value,Description,Comment,Raw value(H),StartBit,BitWidth,Factor,Offset,,,
,ASREngCtrlActive,0,ASR engine control passive but installed,,0,0,2,1,0,,,
,ASRBrakeCtrlActive,0,ASR brake control passive but installed,,0,2,2,1,0,,,
,AntiLockBrakingActive,0,ABS passive but installed,,0,4,2,1,0,,,
,EBSBrakeSwitch,0,Brake pedal is not being pressed,,0,6,2,1,0,,,
,BrakePedalPos,0%,--,,0,8,8,0.4,0,,,
,ABSOffroadSwitch,3,Not available,,3,16,2,1,0,,,
,ASROffroadSwitch,0,ASR offroad switch passive,,0,18,2,1,0,,,
,ASRHillHolderSwitch,0,ASR hill holder switch passive,,0,20,2,1,0,,,
,TractionCtrlOverrideSwitch,3,Not available or not installed,,3,22,2,1,0,,,
,AccelInterlockSwitch,3,Not available,,3,24,2,1,0,,,
,EngDerateSwitch,3,Not available,,3,26,2,1,0,,,
,EngAuxShutdownSwitch,3,Not available,,3,28,2,1,0,,,
,RemoteAccelEnableSwitch,3,Not available,,3,30,2,1,0,,,
,EngRetarderSelection,102%,--,,FF,32,8,0.4,0,,,
,ABSFullyOperational,1,Fully Operational,,1,40,2,1,0,,,
,EBSRedWarningSignal,0,Off,,0,42,2,1,0,,,
,ABS_EBSAmberWarningSignal,0,Off,,0,44,2,1,0,,,
,ATC_ASRInformationSignal,0,Off,,0,46,2,1,0,,,
,SrcAddrssOfCntrllngDvcFrBrkeCtrl,255,--,,FF,48,8,1,0,,,
,HaltBrakeSwitch,3,Not available,,3,58,2,1,0,,,
,TrailerABSStatus,3,Trailer ABS Status Information Not Available or Parameter Not Supported,,3,60,2,1,0,,,
,TrctrMntdTrailerABSWarningSignal,0,Off,,0,62,2,1,0,,,
12,Receive,1037.5366,VDC1,18FE4F0B,00FE4F,0B,--,Extend,Data frm,8,C4 00 FF FF FF FF FF FF ,
,Name,Physical value,Description,Comment,Raw value(H),StartBit,BitWidth,Factor,Offset,,,
,VDCInformationSignal,0,Off,,0,0,2,1,0,,,
,VDCFullyOperational,1,Fully operational,,1,2,2,1,0,,,
,VDCBrakeLightRq,0,Turn brake light not on,,0,4,2,1,0,,,
,ROPEngCtrlActive,0,ROP engine control passive but installed,,0,8,2,1,0,,,
,ROPBrakeCtrlActive,0,ROP brake control passive but installed,,0,10,2,1,0,,,
,YCEngCtrlActive,0,YC engine control passive but installed,,0,12,2,1,0,,,
,YCBrakeCtrlActive,0,YC brake control passive but installed,,0,14,2,1,0,,,
13,Receive,1037.5442,EEC6,10FDA300,00FDA3,0,--,Extend,Data frm,8,FF FF 25 FF FF FF FF FF ,
,Name,Physical value,Description,Comment,Raw value(H),StartBit,BitWidth,Factor,Offset,,,
,EngTrbCmprssorBypassActuator1Cmd,65535%,--,,FFFF,0,16,1,0,,,
,EngVriableGeometryTurboActuator1,58%,--,,3A,16,8,1,0,,,
,EngTrbCmprssorBypassActuator1Pos,102%,--,,FF,24,8,0.4,0,,,
,EngTrbCmprssorBypassActuator2Cmd,65535%,--,,FFFF,32,16,1,0,,,
,EngDsrdTrbCmprssrBypssActtor1Pos,102%,--,,FF,48,8,0.4,0,,,
,EngTrbCmprssrBypssActtr1PrlmnryF,31,--,,1F,56,5,1,0,,,
,EngTrbCmprssrBypssActtr1TmpSttus,7,Not available,,7,61,3,1,0,,,
14,Receive,1037.5454,ERC1,18F00029,00F000,29,--,Extend,Data frm,8,00 7D 7D F3 00 7D 00 38 ,
,Name,Physical value,Description,Comment,Raw value(H),StartBit,BitWidth,Factor,Offset,,,
,RetarderTorqueMode,0,--,,0,0,4,1,0,,,
,RetarderEnableBrakeAssistSwitch,0,Retarder brake assist disabled,,0,4,2,1,0,,,
,RetarderEnableShiftAssistSwitch,0,Retarder shift assist disabled,,0,6,2,1,0,,,
,ActualRetarderPercentTorque,0%,--,,7D,8,8,1,-125,,,
,IntendedRetarderPercentTorque,0%,--,,7D,16,8,1,-125,,,
,EngCoolantLoadIncrease,3,Not available,,3,24,2,1,0,,,
,RetarderRequestingBrakeLight,0,Retarder is not requesting that the brake lights are illuminated,,0,26,2,1,0,,,
,RetarderRoadSpeedLimitSwitch,3,Not Available,,3,28,2,1,0,,,
,RetarderRoadSpeedExceededStatus,3,Dont care/Take no action,,3,30,2,1,0,,,
,SrcAddrssOfCntrllngDvcFrRtrdrCtr,0,--,,0,32,8,1,0,,,
,DrvrsDemandRetarderPercentTorque,0%,--,,7D,40,8,1,-125,,,
,RetarderSelectionNonengine,0%,--,,0,48,8,0.4,0,,,
,ActlMxAvlblRetarderPercentTorque,-11%,--,,72,56,8,1,-125,,,
15,Receive,1037.5465,EI,1CFE9200,00FE92,0,--,Extend,Data frm,8,FF 33 B9 FF FF FF FF FF ,
,Name,Physical value,Description,Comment,Raw value(H),StartBit,BitWidth,Factor,Offset,,,
,EngPrefilterOilPress,1020kPa,--,,FF,0,8,4,0,,,
,EngExhaustGasPress,104.2953311026363kPa,--,,B126,8,16,0.007812466,-250,,,
,EngFuelRackPos,102%,--,,FF,24,8,0.4,0,,,
,EngGasMassFlowRate1,3276.75kg/h,--,,FFFF,32,16,0.05,0,,,
,InstantaneousEstBrakePower,32767.5kW,--,,FFFF,48,16,0.5,0,,,
16,Receive,1037.5565,--,18FF3003,00FF30,3,--,Extend,Data frm,8,C4 00 00 7D C8 CC 0C 75 ,
17,Receive,1037.5353,TCO1,0CFE6CEE,00FE6C,EE,--,Extend,Data frm,8,4B DF 5F C0 D2 18 4C 42 ,Tachograph
,Name,Physical value,Description,Comment,Raw value(H),StartBit,BitWidth,Factor,Offset,,,
,Driver1WorkingState,0,Rest sleeping,,0,0,3,1,0,,,
,Driver2WorkingState,0,Rest sleeping,,0,3,3,1,0,,,
,VehicleMotion,0,Vehicle motion not detected,,0,6,2,1,0,,,
,Driver1TimeRelatedStates,15,Not available,,F,8,4,1,0,,,
,DriverCardDriver1,1,Driver card present,,1,12,2,1,0,,,
,VehicleOverspeed,3,Not available,,3,14,2,1,0,,,
,Driver2TimeRelatedStates,15,Not available,,F,16,4,1,0,,,
,DriverCardDriver2,1,Driver card present,,1,20,2,1,0,,,
,SystemEvent,0,No tachograph event,,0,24,2,1,0,,,
,HandlingInformation,0,No handling information,,0,26,2,1,0,,,
,TachographPerformance,0,Normal performance,,0,28,2,1,0,,,
,DirectionIndicator,3,Not available,,3,30,2,1,0,,,
,TachographOutputShaftSpeed,0rpm,--,,0,32,16,0.125,0,,,
,TachographVehicleSpeed,0km/h,--,,0,48,16,0.003906249,0,,,
18,Receive,1037.533,AT1OG1,18F00F52,00F00F,52,--,Extend,Data frm,8,CC 10 50 C1 55 9F 1F FF ,
,Name,Physical value,Description,Comment,Raw value(H),StartBit,BitWidth,Factor,Offset,,,
,Aftertreatment1OutletNOx,3076.75ppm,--,,FFFF,0,16,0.05,-200,,,
,Aftertreatment1OutletO2,21.66%,--,,FFFF,16,16,0.000513579,-12,,,
,Aftrtrtmnt1OtltGsSnsrPowerStatus,3,Not available,,3,32,2,1,0,,,
,Aftrtrtmnt1OutletGasSensorAtTemp,3,Not available,,3,34,2,1,0,,,
,Aftrtrtmnt1OtletNOxReadingStable,3,Not available,,3,36,2,1,0,,,
,Aftrtrtmnt1OtltWdRngO2RdngStable,3,Not available,,3,38,2,1,0,,,
,Aftrtrtmnt1OtltGsSnsrHtrPrlmnryF,31,--,,1F,40,5,1,0,,,
,Aftrtrtmnt1OtltGsSnsorHeaterCtrl,3,Heater off,,3,45,2,1,0,,,
,Aftrtrtmnt1OtltNOxSnsrPrlmnryFMI,31,--,,1F,48,5,1,0,,,
,Aftrtrtmnt1OtltOxygnSnsrPrlmnryF,31,--,,1F,56,5,1,0,,,
19,Receive,1037.4759,--,18FF5027,00FF50,27,--,Extend,Data frm,8,FF FF F2 FF FF FF FF FF ,
20,Receive,1037.5167,PTODE,18FDA427,00FDA4,27,--,Extend,Data frm,8,FF FF FF FF FF FF FC FF ,
,Name,Physical value,Description,Comment,Raw value(H),StartBit,BitWidth,Factor,Offset,,,
,EnblSwtchTrnsfrCseOutputShaftPTO,3,Not available,,3,0,2,1,0,,,
,EnableSwitchTransOutputShaftPTO,3,Not available,,3,2,2,1,0,,,
,EnableSwitchTransInputShaftPTO2,3,Not available,,3,4,2,1,0,,,
,EnableSwitchTransInputShaftPTO1,3,Not available,,3,6,2,1,0,,,
,EnableSwitchPTOEngFlywheel,3,Not available,,3,8,2,1,0,,,
,EnbleSwitchPTOEngAccessoryDrive1,3,Not available,,3,10,2,1,0,,,
,EnbleSwitchPTOEngAccessoryDrive2,3,Not available,,3,12,2,1,0,,,
,EnggmntCnsntTrnsfrCsOtptShaftPTO,3,Not available,,3,16,2,1,0,,,
,EnggmntCnsentTransOutputShaftPTO,3,Not available,,3,18,2,1,0,,,
,EnggmntCnsentTransInputShaftPTO2,3,Not available,,3,20,2,1,0,,,
,EnggmntCnsentTransInputShaftPTO1,3,Not available,,3,22,2,1,0,,,
,EngagementConsentPTOEngFlywheel,3,Not available,,3,24,2,1,0,,,
,EnggmntCnsntPTOEngAccssoryDrive1,3,Not available,,3,26,2,1,0,,,
,EnggmntCnsntPTOEngAccssoryDrive2,3,Not available,,3,28,2,1,0,,,
,EnggmntSttsTrnsfrCsOtputShaftPTO,3,Not available,,3,32,2,1,0,,,
,EnggmntStatusTransOutputShaftPTO,3,Not available,,3,34,2,1,0,,,
,EnggmntStatusTransInputShaftPTO2,3,Not available,,3,36,2,1,0,,,
,EnggmntStatusTransInputShaftPTO1,3,Not available,,3,38,2,1,0,,,
,EngagementStatusPTOEngFlywheel,3,Not available,,3,40,2,1,0,,,
,EnggmntSttsPTOEngAccessoryDrive1,3,Not available,,3,42,2,1,0,,,
,EnggmntSttsPTOEngAccessoryDrive2,3,Not available,,3,44,2,1,0,,,
,AtLeastOnePTOEngaged,0,No PTO drive is engaged,,0,48,2,1,0,,,
21,Receive,1037.5172,CCVS,18FEF100,00FEF1,0,--,Extend,Data frm,8,F3 53 42 C4 00 00 00 FF ,
,Name,Physical value,Description,Comment,Raw value(H),StartBit,BitWidth,Factor,Offset,,,
,TwoSpeedAxleSwitch,3,Not available,,3,0,2,1,0,,,
,ParkingBrakeSwitch,1,Parking brake set,,1,2,2,1,0,,,
,CruiseCtrlPauseSwitch,3,Take No Action,,3,4,2,1,0,,,
,ParkBrakeReleaseInhibitRq,3,Unavailable,,3,6,2,1,0,,,
,WheelBasedVehicleSpeed,0km/h,--,,0,8,16,0.003906249,0,,,
,CruiseCtrlActive,0,Cruise control switched off,,0,24,2,1,0,,,
,CruiseCtrlEnableSwitch,0,Cruise control disabled,,0,26,2,1,0,,,
,BrakeSwitch,0,Brake pedal released,,0,28,2,1,0,,,
,ClutchSwitch,3,Not available,,3,30,2,1,0,,,
,CruiseCtrlSetSwitch,0,Cruise control activator not in the position set,,0,32,2,1,0,,,
,CruiseCtrlCoastSwitch,0,Cruise control activator not in the position coast,,0,34,2,1,0,,,
,CruiseCtrlResumeSwitch,0,Cruise control activator not in the position resume,,0,36,2,1,0,,,
,CruiseCtrlAccelerateSwitch,0,Cruise control activator not in the position accelerate,,0,38,2,1,0,,,
,CruiseCtrlSetSpeed,0km/h,--,,0,40,8,1,0,,,
,PTOGovernorState,3,Standby,,3,48,5,1,0,,,
,CruiseCtrlStates,0,Off/Disabled,,0,53,3,1,0,,,
,EngIdleIncrementSwitch,3,Not available,,3,56,2,1,0,,,
,EngIdleDecrementSwitch,3,Not available,,3,58,2,1,0,,,
,EngTestModeSwitch,3,Not available,,3,60,2,1,0,,,
,EngShutdownOverrideSwitch,3,Not available,,3,62,2,1,0,,,
22,Receive,1037.5178,CCVS,18FEF127,00FEF1,27,--,Extend,Data frm,8,F3 51 42 C4 00 00 00 FF ,
,Name,Physical value,Description,Comment,Raw value(H),StartBit,BitWidth,Factor,Offset,,,
,TwoSpeedAxleSwitch,3,Not available,,3,0,2,1,0,,,
,ParkingBrakeSwitch,1,Parking brake set,,1,2,2,1,0,,,
,CruiseCtrlPauseSwitch,3,Take No Action,,3,4,2,1,0,,,
,ParkBrakeReleaseInhibitRq,3,Unavailable,,3,6,2,1,0,,,
,WheelBasedVehicleSpeed,0km/h,--,,0,8,16,0.003906249,0,,,
,CruiseCtrlActive,0,Cruise control switched off,,0,24,2,1,0,,,
,CruiseCtrlEnableSwitch,0,Cruise control disabled,,0,26,2,1,0,,,
,BrakeSwitch,0,Brake pedal released,,0,28,2,1,0,,,
,ClutchSwitch,3,Not available,,3,30,2,1,0,,,
,CruiseCtrlSetSwitch,0,Cruise control activator not in the position set,,0,32,2,1,0,,,
,CruiseCtrlCoastSwitch,0,Cruise control activator not in the position coast,,0,34,2,1,0,,,
,CruiseCtrlResumeSwitch,0,Cruise control activator not in the position resume,,0,36,2,1,0,,,
,CruiseCtrlAccelerateSwitch,0,Cruise control activator not in the position accelerate,,0,38,2,1,0,,,
,CruiseCtrlSetSpeed,0km/h,--,,0,40,8,1,0,,,
,PTOGovernorState,3,Standby,,3,48,5,1,0,,,
,CruiseCtrlStates,0,Off/Disabled,,0,53,3,1,0,,,
,EngIdleIncrementSwitch,3,Not available,,3,56,2,1,0,,,
,EngIdleDecrementSwitch,3,Not available,,3,58,2,1,0,,,
,EngTestModeSwitch,3,Not available,,3,60,2,1,0,,,
,EngShutdownOverrideSwitch,3,Not available,,3,62,2,1,0,,,
23,Receive,1037.3121,CRI1,18FD9BA3,00FD9B,A3,--,Extend,Data frm,8,44 7E FF FF FF F3 FF FF ,
,Name,Physical value,Description,Comment,Raw value(H),StartBit,BitWidth,Factor,Offset,,,
,Aftrtrtmnt1SCRCtlystReagentTemp2,28deg C,--,,44,0,8,1,-40,,,
,Aftrtrtmnt1SCRCtlystRgntCncntrtn,31.50%,--,,7E,8,8,0.25,0,,,
,Aftrtrtmnt1SCRCtlystRgntCndctvty,1275microSiemens/mm,--,,FF,16,8,5,0,,,
,Aftrtrtmnt1SCRCtlystRgntTmp2Prlm,31,--,,1F,24,5,1,0,,,
,Aftrtrtmnt1SCRCtlystRgntPrprtsPr,31,--,,1F,32,5,1,0,,,
,Aftrtrtmnt1SCRCtalystReagentType,3,Catalyst reagent is proper mixture,,3,40,4,1,0,,,
24,Receive,1037.565,EEC2,0CF00300,00F003,0,--,Extend,Data frm,8,D1 00 00 FF FF 4C 61 7D ,
,Name,Physical value,Description,Comment,Raw value(H),StartBit,BitWidth,Factor,Offset,,,
,AccelPedal1LowIdleSwitch,1,Accelerator pedal 1 in low idle condition,,1,0,2,1,0,,,
,AccelPedalKickdownSwitch,0,Kickdown passive,,0,2,2,1,0,,,
,RoadSpeedLimitStatus,1,Not Active,,1,4,2,1,0,,,
,AccelPedal2LowIdleSwitch,3,Not available,,3,6,2,1,0,,,
,AccelPedalPos1,0%,--,,0,8,8,0.4,0,,,
,EngPercentLoadAtCurrentSpeed,9%,--,,9,16,8,1,0,,,
,RemoteAccelPedalPos,102%,--,,FF,24,8,0.4,0,,,
,AccelPedalPos2,102%,--,,FF,32,8,0.4,0,,,
,VhcleAccelerationRateLimitStatus,0,Limit not active,,0,40,2,1,0,,,
,MmntaryEngMaxPowerEnableFeedback,3,dont care,,3,42,2,1,0,,,
,DPFThermalManagementActive,0,DPF Thermal Management is not active,,0,44,2,1,0,,,
,SCRThermalManagementActive,0,SCR Thermal Management is not active,,0,46,2,1,0,,,
,ActlMaxAvailableEngPercentTorque,40.40%,--,,65,48,8,0.4,0,,,
,EstPumpingPercentTorque,0%,--,,7D,56,8,1,-125,,,
25,Receive,1037.4942,EEC7,18FD9400,00FD94,0,--,Extend,Data frm,8,78 7D FF FF FF FF FF FF ,
,Name,Physical value,Description,Comment,Raw value(H),StartBit,BitWidth,Factor,Offset,,,
,EngExhstGsRecirculation1ValvePos,46%,--,,4.70E+01,0,16,0.0025,0,,,
,EngExhstGsRcirculation1Valve2Pos,163.84%,--,,FFFF,16,16,0.0025,0,,,
,EngCrnkcsBrtherOilSeparatorSpeed,65535rpm,--,,FFFF,32,16,1,0,,,
,CommandedEngIntakeManifoldPress,8191.875kPa,--,,FFFF,48,16,0.125,0,,,
26,Receive,1037.5559,ACC1,10FE6F2A,00FE6F,2A,--,Extend,Data frm,8,FF FF 00 D0 13 7D 00 FF ,
,Name,Physical value,Description,Comment,Raw value(H),StartBit,BitWidth,Factor,Offset,,,
,SpeedOfForwardVehicle,255km/h,--,,FF,0,8,1,0,,,
,DistanceToForwardVehicle,255m,--,,FF,8,8,1,0,,,
,AdaptiveCruiseCtrlSetSpeed,0km/h,--,,0,16,8,1,0,,,
,AdaptiveCruiseCtrlMode,0,Off Standby enabled ready for activation,,0,24,3,1,0,,,
,AdptiveCruiseCtrlSetDistanceMode,2,ACC Distance mode 3,,2,27,3,1,0,,,
,RoadCurvature,317501/km,--,,7D00,32,16,1,-250,,,
,ACCTargetDetected,0,No targets detected,,0,48,2,1,0,,,
,ACCSystemShutoffWarning,0,ACC SSOW Not Active,,0,50,2,1,0,,,
,ACCDistanceAlertSignal,0,ACC DAS Not Active,,0,52,2,1,0,,,
,ForwardCollisionWarning,0,No warning,,0,54,2,1,0,,,
27,Receive,1037.5061,EEC9,18FCFD00,00FCFD,0,--,Extend,Data frm,8,FF FF FF FF 63 53 FF FF ,
,Name,Physical value,Description,Comment,Raw value(H),StartBit,BitWidth,Factor,Offset,,,
,EngExhstGsRecirculation2ValvePos,163.84%,--,,FFFF,0,16,0.0025,0,,,
,EngExhstGsRcirculation2Valve2Pos,163.84%,--,,FFFF,16,16,0.0025,0,,,
,CommandedEngFuelRailPress,65.00101159442842MPa,--,,4100,32,16,0.003906311,0,,,
,CmmndedEngFuelInjectionCtrlPress,256.0000778149559MPa,--,,FFFF,48,16,0.003906311,0,,,
28,Receive,1037.5673,--,1CFF0527,00FF05,27,--,Extend,Data frm,8,10 FF FF FF FF FF FF FF ,
29,Receive,1032.0744,--,18FFE931,00FFE9,31,--,Extend,Data frm,8,28 AA FF FF FF FF FF FF ,
30,Receive,1037.0764,--,18FD7D27,00FD7D,27,--,Extend,Data frm,8,F0 FF FF 8F FF 88 8F FF ,
31,Receive,1037.5656,--,18FFE633,00FFE6,33,--,Extend,Data frm,8,19 4D D9 25 BF C1 FC FC ,
32,Receive,1037.453,AT1OG2,18FDB355,00FDB3,55,--,Extend,Data frm,8,FF FF 7C 45 FF FF FF FF ,
,Name,Physical value,Description,Comment,Raw value(H),StartBit,BitWidth,Factor,Offset,,,
,Aftertreatment1ExhaustGasTemp3,1774.96875deg C,--,,FFFF,0,16,0.03125,-273,,,
,Aftrtrtmnt1DslPrtcltFltrOtltGsTm,138.78125deg C,--,,3379,16,16,0.03125,-273,,,
,Aftrtrtmnt1ExhstGsTmp3PrlmnryFMI,31,--,,1F,32,5,1,0,,,
,Aftrtrtmnt1DslPrtcltFltrOtltExhs,31,--,,1F,40,5,1,0,,,
33,Receive,1037.4731,AT1IMG,18FDB255,00FDB2,55,--,Extend,Data frm,8,FF FF FF FF 07 00 FF FF ,
,Name,Physical value,Description,Comment,Raw value(H),StartBit,BitWidth,Factor,Offset,,,
,Aftertreatment1ExhaustGasTemp2,1774.96875deg C,--,,FFFF,0,16,0.03125,-273,,,
,Aftrtrtmnt1DslPrtcltFltrIntrmdtG,1774.96875deg C,--,,FFFF,16,16,0.03125,-273,,,
,Aftrtrtmnt1DslPrtcltFltrDffPress,0.2kPa,--,,2,32,16,0.1,0,,,
,Aftrtrtmnt1ExhstGsTmp2PrlmnryFMI,31,--,,1F,48,5,1,0,,,
,Aftrtrtmnt1DslPrtcltFltrDltPrssP,31,--,,1F,53,5,1,0,,,
,Aftrtrtmnt1DslPrtcltFltrIntrmdtG,31,--,,1F,58,5,1,0,,,
34,Receive,1037.1931,DM1,18FECA00,00FECA,0,--,Extend,Data frm,8,03 FF 00 00 00 00 FF FF ,
,Name,Physical value,Description,Comment,Raw value(H),StartBit,BitWidth,Factor,Offset,,,
,ProtectLampStatus,3,Not available,,3,0,2,1,0,,,
,AmberWarningLampStatus,0,Lamp off,,0,2,2,1,0,,,
,RedStopLampState,0,Lamp off,,0,4,2,1,0,,,
,MalfunctionIndicatorLampStatus,0,Lamp off,,0,6,2,1,0,,,
,FlashProtectLamp,3,Unavailable / Do Not Flash,,3,8,2,1,0,,,
,FlashAmberWarningLamp,3,Unavailable / Do Not Flash,,3,10,2,1,0,,,
,FlashRedStopLamp,3,Unavailable / Do Not Flash,,3,12,2,1,0,,,
,FlashMalfuncIndicatorLamp,3,Unavailable / Do Not Flash,,3,14,2,1,0,,,
,DTC1,0,--,,0,16,32,1,0,,,
,DTC2,65535,--,,FFFF,48,32,1,0,,,
,DTC3,0,--,,0,80,32,1,0,,,
,DTC4,0,--,,0,112,32,1,0,,,
,DTC5,0,--,,0,144,32,1,0,,,
35,Receive,1037.5571,--,18FCDC27,00FCDC,27,--,Extend,Data frm,8,FF FF FF FF 00 00 FF FF ,
36,Receive,1037.377,ACC2,18FE5127,00FE51,27,--,Extend,Data frm,8,5F FF FF FF FF FF FF FF ,
,Name,Physical value,Description,Comment,Raw value(H),StartBit,BitWidth,Factor,Offset,,,
,ACCUsageDemand,3,dont care,,3,0,2,1,0,,,
,RequestedACCDistanceMode,2,Requested ACC Distance Mode 3,,2,5,3,1,0,,,
37,Receive,1036.5886,DM1,18FECA27,00FECA,27,--,Extend,Data frm,8,00 FF 00 00 00 00 FF FF ,
,Name,Physical value,Description,Comment,Raw value(H),StartBit,BitWidth,Factor,Offset,,,
,ProtectLampStatus,0,Lamp off,,0,0,2,1,0,,,
,AmberWarningLampStatus,0,Lamp off,,0,2,2,1,0,,,
,RedStopLampState,0,Lamp off,,0,4,2,1,0,,,
,MalfunctionIndicatorLampStatus,0,Lamp off,,0,6,2,1,0,,,
,FlashProtectLamp,3,Unavailable / Do Not Flash,,3,8,2,1,0,,,
,FlashAmberWarningLamp,3,Unavailable / Do Not Flash,,3,10,2,1,0,,,
,FlashRedStopLamp,3,Unavailable / Do Not Flash,,3,12,2,1,0,,,
,FlashMalfuncIndicatorLamp,3,Unavailable / Do Not Flash,,3,14,2,1,0,,,
,DTC1,0,--,,0,16,32,1,0,,,
,DTC2,65535,--,,FFFF,48,32,1,0,,,
,DTC3,0,--,,0,80,32,1,0,,,
,DTC4,0,--,,0,112,32,1,0,,,
,DTC5,0,--,,0,144,32,1,0,,,
38,Receive,1037.1154,VW,18FEEA27,00FEEA,27,--,Extend,Data frm,8,0F CD FF FF FF FF FF FF ,
,Name,Physical value,Description,Comment,Raw value(H),StartBit,BitWidth,Factor,Offset,,,
,AxleLocation,15,--,,F,0,8,1,0,,,
39,Receive,1037.1568,SERV,18FEC027,00FEC0,27,--,Extend,Data frm,8,FF 4B 07 FF 00 FF FF FF ,
,Name,Physical value,Description,Comment,Raw value(H),StartBit,BitWidth,Factor,Offset,,,
,ServiceComponentIdentification,255ID,--,,FF,0,8,1,0,,,
,ServiceDistance,-151285km,--,,74E,8,16,5,-160635,,,
,ServiceComponentIdentification,255ID,--,,FF,24,8,1,0,,,
,ServiceDelay_CalendarTimeBased,-125weeks,--,,0,32,8,1,-125,,,
,ServiceComponentIdentification,255ID,--,,FF,40,8,1,0,,,
,SrviceDelay_OperationalTimeBased,33408hr,--,,FFFF,48,16,1,-32127,,,
40,Receive,1037.513,A1DOC,18FD2055,00FD20,55,--,Extend,Data frm,8,83 46 1C 47 FF FF FF FF ,
,Name,Physical value,Description,Comment,Raw value(H),StartBit,BitWidth,Factor,Offset,,,
,Aftrtrtmnt1DslOxdtnCtlystIntkGsT,108.375deg C,--,,2FAC,0,16,0.03125,-273,,,
,Aftrtrtmnt1DslOxdtnCtlystOtltGsT,117.6875deg C,--,,30D6,16,16,0.03125,-273,,,
,Aftrtrtmnt1DslOxdtnCtlystDffPrss,6553.5kPa,--,,FFFF,32,16,0.1,0,,,
,Aftrtrtmnt1DslOxdtnCtlystIntkGsT,31,--,,1F,48,5,1,0,,,
,Aftrtrtmnt1DslOxdtnCtlystOtltGsT,31,--,,1F,53,5,1,0,,,
,Aftrtrtmnt1DslOxdtnCtlystDffPrss,31,--,,1F,58,5,1,0,,,
41,Receive,1037.5072,EEC3,18FEDF00,00FEDF,0,--,Extend,Data frm,8,81 FF FF FF 7D AC 03 01 ,
,Name,Physical value,Description,Comment,Raw value(H),StartBit,BitWidth,Factor,Offset,,,
,NominalFrictionPercentTorque,3%,--,,80,0,8,1,-125,,,
,EnginesDesiredOperatingSpeed,65535rpm,--,,FFFF,8,16,1,0,,,
,EngnsDsrdOprtngSpdAsymmtryAdjstm,255,--,,FF,24,8,1,0,,,
,EstEngPrsiticLossesPercentTorque,0%,--,,7D,32,8,1,-125,,,
,Aftrtreatment1ExhaustGasMassFlow,103kg/h per bit,--,,203,40,16,0.2,0,,,
,Aftertreatment1IntakeDewPoint,1,Exceeded the dew point,,1,56,2,1,0,,,
,Aftertreatment1ExhaustDewPoint,0,Not exceeded the dew point,,0,58,2,1,0,,,
,Aftertreatment2IntakeDewPoint,0,Not exceeded the dew point,,0,60,2,1,0,,,
,Aftertreatment2ExhaustDewPoint,0,Not exceeded the dew point,,0,62,2,1,0,,,
42,Receive,1037.542,A1SCREGT,18FD3E55,00FD3E,55,--,Extend,Data frm,8,FF FF FF 1C 3E FF FF FF ,
,Name,Physical value,Description,Comment,Raw value(H),StartBit,BitWidth,Factor,Offset,,,
,Aftrtrtmnt1SCRCtlystIntkeGasTemp,1774.96875deg C,--,,FFFF,0,16,0.03125,-273,,,
,Aftrtrtmnt1SCRCtlystIntkGsTmpPrl,31,--,,1F,16,5,1,0,,,
,Aftrtrtmnt1SCRCtlystOtletGasTemp,166.78125deg C,--,,36F9,24,16,0.03125,-273,,,
,Aftrtrtmnt1SCRCtlystOtltGsTmpPrl,31,--,,1F,40,5,1,0,,,
43,Receive,1037.2665,AT1GP,18FD8C00,00FD8C,0,--,Extend,Data frm,8,03 04 05 00 FF FF FF FF ,
,Name,Physical value,Description,Comment,Raw value(H),StartBit,BitWidth,Factor,Offset,,,
,DslParticulateFilterIntakePress1,102kPa,--,,3FC,0,16,0.1,0,,,
,DslParticulateFilterOutletPress1,0.1kPa,--,,1,16,16,0.1,0,,,
44,Receive,1036.7204,--,18FF3E27,00FF3E,27,--,Extend,Data frm,8,17 FC FF FF FF FF FF FF ,
45,Receive,1037.2875,EFL_P1,18FEEF00,00FEEF,0,--,Extend,Data frm,8,C9 FF FB 42 FF FF FF FA ,
,Name,Physical value,Description,Comment,Raw value(H),StartBit,BitWidth,Factor,Offset,,,
,EngFuelDeliveryPress,644kPa,--,,A1,0,8,4,0,,,
,EngExCrankcaseBlowbyPress,12.75kPa,--,,FF,8,8,0.05,0,,,
,EngOilLevel,100.40%,--,,FB,16,8,0.4,0,,,
,EngOilPress,180kPa,--,,2D,24,8,4,0,,,
,EngCrankcasePress,261.9899564236224kPa,--,,FFFF,32,16,0.007812466,-250,,,
,EngCoolantPress,510kPa,--,,FF,48,8,2,0,,,
,EngCoolantLevel,100%,--,,FA,56,8,0.4,0,,,
46,Receive,1037.297,EFL_P2,18FEDB00,00FEDB,0,--,Extend,Data frm,8,FF FF 66 53 FF FF FF FF ,
,Name,Physical value,Description,Comment,Raw value(H),StartBit,BitWidth,Factor,Offset,,,
,EngInjectionCtrlPress,256.0000778149559MPa,--,,FFFF,0,16,0.003906311,0,,,
,EngInjectorMeteringRail1Press,65.20023344486808MPa,--,,4133,16,16,0.003906311,0,,,
,EngInjectorTimingRail1Press,256.0000778149559MPa,--,,FFFF,32,16,0.003906311,0,,,
,EngInjectorMeteringRail2Press,256.0000778149559MPa,--,,FFFF,48,16,0.003906311,0,,,
47,Receive,1036.7753,HOURS,18FEE500,00FEE5,0,--,Extend,Data frm,8,C8 84 01 00 EA 97 03 00 ,
,Name,Physical value,Description,Comment,Raw value(H),StartBit,BitWidth,Factor,Offset,,,
,EngTotalHoursOfOperation,4976.150000000001hr,--,,184C3,0,32,0.05,0,,,
,EngTotalRevolutions,235484000r,--,,397DC,32,32,1000,0,,,
48,Receive,1037.122,AT1AC1,18FD9F55,00FD9F,55,--,Extend,Data frm,8,FF FF FF FF FF FF FF CF ,
,Name,Physical value,Description,Comment,Raw value(H),StartBit,BitWidth,Factor,Offset,,,
,Aftertreatment1SupplyAirPress,6553.5kPa,--,,FFFF,0,16,0.1,0,,,
,Aftertreatment1PurgeAirPress,6553.5kPa,--,,FFFF,16,16,0.1,0,,,
,Aftertreatment1AirPressCtrl,163.84%,--,,FFFF,32,16,0.0025,0,,,
,Aftrtratment1AirPressActuatorPos,102%,--,,FF,48,8,0.4,0,,,
,Aftertreatment1AirSystemRelay,3,not available,,3,56,2,1,0,,,
,Aftrtrtmnt1AtmizationAirActuator,3,not available,,3,58,2,1,0,,,
,Aftertreatment1PurgeAirActuator,0,not active,,0,60,2,1,0,,,
,Aftertreatment1AirEnableActuator,3,not available,,3,62,2,1,0,,,
49,Receive,1037.3553,IC1,18FEF600,00FEF6,0,--,Extend,Data frm,8,CC 05 5F 37 FF 40 4D FF ,
,Name,Physical value,Description,Comment,Raw value(H),StartBit,BitWidth,Factor,Offset,,,
,EngDslPrtculateFilterIntakePress,102kPa,--,,CC,0,8,0.5,0,,,
,EngIntakeManifold1Press,2kPa,--,,1,8,8,2,0,,,
,EngIntakeManifold1Temp,66deg C,--,,6A,16,8,1,-40,,,
,EngAirIntakePress,102kPa,--,,33,24,8,2,0,,,
,EngAirFilter1DiffPress,12.75kPa,--,,FF,32,8,0.05,0,,,
,EngExhaustGasTemp,117.5deg C,--,,30D0,40,16,0.03125,-273,,,
,EngCoolantFilterDiffPress,127.5kPa,--,,FF,56,8,0.5,0,,,
50,Receive,1036.7153,OEL,0CFDCC27,00FDCC,27,--,Extend,Data frm,8,00 C0 FF FF FF FF FF FF ,
,Name,Physical value,Description,Comment,Raw value(H),StartBit,BitWidth,Factor,Offset,,,
,WorkLightSwitch,0,Off The position by which the operator selects that none of the work lamps are to be on,,0,0,4,1,0,,,
,MainLightSwitch,0,Off The position by which the operator selects that none of the lamps are to be on,,0,4,4,1,0,,,
,TurnSignalSwitch,0,No Turn being signaled,,0,8,4,1,0,,,
,HazardLightSwitch,0,Hazard Lamps to be Off,,0,12,2,1,0,,,
,HighLowBeamSwitch,3,Not available do not change,,3,14,2,1,0,,,
,OperatorsDesiredBacklight,102%,--,,FF,16,8,0.4,0,,,
,OprtorsDesiredDelayedLampOffTime,65535s,--,,FFFF,24,16,1,0,,,
51,Receive,1036.7158,LC,0CFE4127,00FE41,27,--,Extend,Data frm,8,0D 00 0F 3F FC FF F3 3F ,
,Name,Physical value,Description,Comment,Raw value(H),StartBit,BitWidth,Factor,Offset,,,
,RunningLightCmd,1,Activate,,1,0,2,1,0,,,
,AltBeamHeadLightCmd,3,Dont Care,,3,2,2,1,0,,,
,LowBeamHeadLightCmd,0,Deactivate,,0,4,2,1,0,,,
,HighBeamHeadLightCmd,0,Deactivate,,0,6,2,1,0,,,
,TractorFrontFogLightsCmd,0,Deactivate,,0,8,2,1,0,,,
,RotatingBeaconLightCmd,0,Deactivate,,0,10,2,1,0,,,
,RightTurnSignalLightsCmd,0,Deactivate,,0,12,2,1,0,,,
,LeftTurnSignalLightsCmd,0,Deactivate,,0,14,2,1,0,,,
,BackUpLightAndAlarmHornCmd,3,Dont Care,,3,16,2,1,0,,,
,CenterStopLightCmd,3,Dont Care,,3,18,2,1,0,,,
,RightStopLightCmd,0,Deactivate,,0,20,2,1,0,,,
,LeftStopLightCmd,0,Deactivate,,0,22,2,1,0,,,
,ImplementClearanceLightCmd,3,Dont Care,,3,24,2,1,0,,,
,TractorClearanceLightCmd,3,Dont Care,,3,26,2,1,0,,,
,ImplementMarkerLightCmd,3,Dont Care,,3,28,2,1,0,,,
,TractorMarkerLightCmd,0,Deactivate,,0,30,2,1,0,,,
,RearFogLightCmd,0,Deactivate,,0,32,2,1,0,,,
,TrctrUndrsdeMountedWorkLightsCmd,3,Dont Care,,3,34,2,1,0,,,
,TrctrRearLowMountedWorkLightsCmd,3,Dont Care,,3,36,2,1,0,,,
,TrctrRarHighMountedWorkLightsCmd,3,Dont Care,,3,38,2,1,0,,,
,TrctrSideLowMountedWorkLightsCmd,3,Dont Care,,3,40,2,1,0,,,
,TrctrSdeHighMountedWorkLightsCmd,3,Dont Care,,3,42,2,1,0,,,
,TrctrFrntLowMountedWorkLightsCmd,3,Dont Care,,3,44,2,1,0,,,
,TrctrFrntHghMountedWorkLightsCmd,3,Dont Care,,3,46,2,1,0,,,
,ImplementOEMOption2LightCmd,3,Dont Care,,3,48,2,1,0,,,
,ImplementOEMOption1LightCmd,0,Deactivate,,0,50,2,1,0,,,
,ImplementRightFacingWorkLightCmd,3,Dont Care,,3,52,2,1,0,,,
,ImplementLeftFacingWorkLightCmd,3,Dont Care,,3,54,2,1,0,,,
,LightingDataRqCmd,3,Dont Care,,3,56,2,1,0,,,
,ImplmentRightForwardWorkLightCmd,3,Dont Care,,3,58,2,1,0,,,
,ImplementLeftForwardWorkLightCmd,3,Dont Care,,3,60,2,1,0,,,
,ImplementRearWorkLightCmd,0,Deactivate,,0,62,2,1,0,,,
52,Receive,1036.7176,VH,18FEE727,00FEE7,27,--,Extend,Data frm,8,75 70 01 00 00 00 00 00 ,
,Name,Physical value,Description,Comment,Raw value(H),StartBit,BitWidth,Factor,Offset,,,
,TotalVehicleHours,4716hr,--,,17070,0,32,0.05,0,,,
,TotalPowerTakeoffHours,0hr,--,,0,32,32,0.05,0,,,
53,Receive,1036.7181,LFC,18FEE900,00FEE9,0,--,Extend,Data frm,8,B3 3B 00 00 9D 3F 01 00 ,
,Name,Physical value,Description,Comment,Raw value(H),StartBit,BitWidth,Factor,Offset,,,
,EngTripFuel,7638.5L,--,,3BAD,0,32,0.5,0,,,
,EngTotalFuelUsed,40907.5L,--,,13F97,32,32,0.5,0,,,
54,Receive,1036.7199,DD,18FEFC27,00FEFC,27,--,Extend,Data frm,8,FF A0 FF FF FF FF FF FF ,
,Name,Physical value,Description,Comment,Raw value(H),StartBit,BitWidth,Factor,Offset,,,
,WasherFluidLevel,102%,--,,FF,0,8,0.4,0,,,
,FuelLevel1,63.60%,--,,9F,8,8,0.4,0,,,
,EngFuelFilterDiffPress,510kPa,--,,FF,16,8,2,0,,,
,EngOilFilterDiffPress,127.5kPa,--,,FF,24,8,0.5,0,,,
,CargoAmbientTemp,1774.96875deg C,--,,FFFF,32,16,0.03125,-273,,,
,FuelLevel2,102%,--,,FF,48,8,0.4,0,,,
55,Receive,1037.3662,IC2,18FDD000,00FDD0,0,--,Extend,Data frm,8,FF FF FF FF 37 FF FF FF ,
,Name,Physical value,Description,Comment,Raw value(H),StartBit,BitWidth,Factor,Offset,,,
,EngAirFilter2DiffPress,12.75kPa,--,,FF,0,8,0.05,0,,,
,EngAirFilter3DiffPress,12.75kPa,--,,FF,8,8,0.05,0,,,
,EngAirFilter4DiffPress,12.75kPa,--,,FF,16,8,0.05,0,,,
,EngIntakeManifold2Press,510kPa,--,,FF,24,8,2,0,,,
,EngIntakeManifold1AbsPress,102kPa,--,,33,32,8,2,0,,,
,EngIntakeManifold1AbsPress,6553.5kPa,--,,FFFF,40,16,0.1,0,,,
,EngIntakeManifold2AbsPress,510kPa,--,,FF,56,8,2,0,,,
56,Receive,1037.3776,AMB,18FEF500,00FEF5,0,--,Extend,Data frm,8,CB FF FF BC 24 FF FF FF ,
,Name,Physical value,Description,Comment,Raw value(H),StartBit,BitWidth,Factor,Offset,,,
,BarometricPress,101.5kPa,--,,CB,0,8,0.5,0,,,
,CabInteriorTemp,1774.96875deg C,--,,FFFF,8,16,0.03125,-273,,,
,AmbientAirTemp,22.28125deg C,--,,2.40E+10,24,16,0.03125,-273,,,
,EngAirIntakeTemp,215deg C,--,,FF,40,8,1,-40,,,
,RoadSurfaceTemp,1774.96875deg C,--,,FFFF,48,16,0.03125,-273,,,
57,Receive,1037.3876,AMB2,18FDE000,00FDE0,0,--,Extend,Data frm,8,FF FF FF FF FF FF F7 03 ,
,Name,Physical value,Description,Comment,Raw value(H),StartBit,BitWidth,Factor,Offset,,,
,SolarIntensityPercent,102%,--,,FF,0,8,0.4,0,,,
,SolarSensorMax,255mW/cm^2,--,,FF,8,8,1,0,,,
,SpecificHumidity,655.35g/kg,--,,FFFF,16,16,0.01,0,,,
58,Receive,1037.3953,AT1T1I,18FE5600,00FE56,0,--,Extend,Data frm,8,FA 44 FF FF 1F 1F 00 FF ,
,Name,Physical value,Description,Comment,Raw value(H),StartBit,BitWidth,Factor,Offset,,,
,Aftrtrtment1SCRCatalystTankLevel,100%,--,,FA,0,8,0.4,0,,,
,Aftrtratment1SCRCatalystTankTemp,28deg C,--,,44,8,8,1,-40,,,
,Aftrtrtmnt1SCRCatalystTankLevel2,6553.5mm,--,,FFFF,16,16,0.1,0,,,
,Aftrtrtmnt1SCRCtlystTnkLvlPrlmnr,31,--,,1F,32,5,1,0,,,
,Aftrtrtmnt1DEFTnkLwLvelIndicator,0,Off,,0,37,3,1,0,,,
,Aftrtrtmnt1SCRCtlystRgntTnk1TmpP,31,--,,1F,40,5,1,0,,,
,AftrtrtmntSCROprtrIndcmntSverity,0,No Inducement Active,,0,45,3,1,0,,,
,Aftrtrtmnt1SCRCtalystTankHeater,0%,--,,0,48,8,0.4,0,,,
,Aftrtrtmnt1SCRCtlystRgntTnk1HtrP,31,--,,1F,56,5,1,0,,,
59,Receive,1037.4661,DPFC1,18FD7C00,00FD7C,0,--,Extend,Data frm,8,F8 F3 F3 FF FF FF E3 FF ,
,Name,Physical value,Description,Comment,Raw value(H),StartBit,BitWidth,Factor,Offset,,,
,DieselParticulateFilterLampCmd,0,Off,,0,0,3,1,0,,,
,DslPrtcltFltrPssvRgnrationStatus,3,not available,,3,8,2,1,0,,,
,DslPrtcltFltrActvRgnrationStatus,0,not active,,0,10,2,1,0,,,
,DieselParticulateFilterStatus,7,not available,,7,12,3,1,0,,,
,DslPrtcltFltrActvRgnrtnInhbtdStt,3,not available,,3,16,2,1,0,,,
,DslPrtcltFltrActvRgnrtnInhbtdDTI,0,not inhibited,,0,18,2,1,0,,,
,DslPrtcltFltrActvRgnrtnInhbtdDTC,3,not available,,3,20,2,1,0,,,
,DslPrtcltFltrActvRgnrtnInhbtdDTS,3,not available,,3,22,2,1,0,,,
,DslPrtcltFltrActvRgnrtnInhbtdDTP,3,not available,,3,24,2,1,0,,,
,DslPrtcltFltrActvRgnrtnInhbtdDTA,3,not available,,3,26,2,1,0,,,
,DslPrtcltFltrActvRgnrtnInhbtdDTO,3,notAvailable,,3,28,2,1,0,,,
,DslPrtcltFltrActvRgnrtnInhb_0002,3,notAvailable,Speed,3,30,2,1,0,,,
,DslPrtcltFltrActvRgnrtnInhb_0001,3,notAvailable,,3,32,2,1,0,,,
,DslPrtcltFltrActvRgnrtnInhbtdDTL,3,not available,,3,34,2,1,0,,,
,DslPrtcltFltrActvRgnrtnInhbtdDTS,3,--,,3,36,2,1,0,,,
,DslPrtcltFltrActvRgnrtnInhbtdDTS,3,--,,3,38,2,1,0,,,
,DslPrtcltFltrActvRgnrtnInhbtdDTT,3,not available,,3,40,2,1,0,,,
,DslPrtcltFltrActvRgnrtnInhb_0000,3,notAvailable,,3,42,2,1,0,,,
,DslPrtcltFltrActvRgnrtnInhbtdDTE,3,notAvailable,,3,44,2,1,0,,,
,DslPrtcltFltrActvRgnrtnInhbtdDTV,3,notAvailable,Speed,3,46,2,1,0,,,
,DslPrtcltFltrAtmtcActvRgnrtnIntt,3,not available,,3,48,2,1,0,,,
,ExhaustSystemHighTempLampCmd,0,Off,,0,50,3,1,0,,,
,DslPrtcltFltrActvRgnrtnFrcdSttus,7,not available,,7,53,3,1,0,,,
60,Receive,1037.4776,ET1,18FEEE00,00FEEE,0,--,Extend,Data frm,8,80 53 B9 2E FF FF FF FF ,
,Name,Physical value,Description,Comment,Raw value(H),StartBit,BitWidth,Factor,Offset,,,
,EngCoolantTemp,83deg C,--,,7B,0,8,1,-40,,,
,EngFuelTemp1,48deg C,--,,58,8,8,1,-40,,,
,EngOilTemp1,95.78125deg C,--,,2.00E+19,16,16,0.03125,-273,,,
,EngTurboOilTemp,1774.96875deg C,--,,FFFF,32,16,0.03125,-273,,,
,EngIntercoolerTemp,215deg C,--,,FF,48,8,1,-40,,,
,EngIntercoolerThermostatOpening,102%,--,,FF,56,8,0.4,0,,,
61,Receive,1037.4871,ET2,18FEA400,00FEA4,0,--,Extend,Data frm,8,FF FF FF FF FF FF 60 2D ,
,Name,Physical value,Description,Comment,Raw value(H),StartBit,BitWidth,Factor,Offset,,,
,EngOilTemp2,1774.96875deg C,--,,FFFF,0,16,0.03125,-273,,,
,EngECUTemp,1774.96875deg C,--,,FFFF,16,16,0.03125,-273,,,
,EngExhstGsRcirculation1DiffPress,261.9899564236224kPa,--,,FFFF,32,16,0.007812466,-250,,,
,EngExhaustGasRecirculation1Temp,80.28125deg C,--,,2C29,48,16,0.03125,-273,,,
62,Receive,1037.4953,ET3,18FE6900,00FE69,0,--,Extend,Data frm,8,19 29 23 2D FF FF 0C 26 ,
,Name,Physical value,Description,Comment,Raw value(H),StartBit,BitWidth,Factor,Offset,,,
,EngIntakeManifold1AirTemp,66.6875deg C,--,,2A76,0,16,0.03125,-273,,,
,EngCoolantTemp,83.09375deg C,--,,2C83,16,16,0.03125,-273,,,
,EngIntkVlvActuationSystemOilTemp,1774.96875deg C,--,,FFFF,32,16,0.03125,-273,,,
,EngChargeAirCooler1OutletTemp,44.09375deg C,--,,27A3,48,16,0.03125,-273,,,
63,Receive,1037.5553,SHUTDN,18FEE400,00FEE4,0,--,Extend,Data frm,8,FC 3F FD FC F0 FF FF FF ,
,Name,Physical value,Description,Comment,Raw value(H),StartBit,BitWidth,Factor,Offset,,,
,EngIdleShutdownHasShutdownEng,0,No,,0,0,2,1,0,,,
,EngIdleShutdownDriverAlertMode,3,Not available,,3,2,2,1,0,,,
,EngIdleShutdownTimerOverride,3,Not available,,3,4,2,1,0,,,
,EngIdleShutdownTimerState,3,Not available,,3,6,2,1,0,,,
,EngIdleShutdownTimerFunction,0,Disabled in calibration,,0,14,2,1,0,,,
,A_CHighPressFanSwitch,1,Pressure high fan may be engaged,,1,16,2,1,0,,,
,RefrigerantLowPressSwitch,3,Not available,,3,18,2,1,0,,,
,RefrigerantHighPressSwitch,3,Not available,,3,20,2,1,0,,,
,EngWaitToStartLamp,0,Off,,0,24,2,1,0,,,
,EngPrtectionSystemHasShutdownEng,0,No,,0,32,2,1,0,,,
,EngPrtctnSystmApprachingShutdown,0,Not approaching,,0,34,2,1,0,,,
,EngProtectionSystemTimerOverride,3,Not available,,3,36,2,1,0,,,
,EngProtectionSystemTimerState,3,Not available,,3,38,2,1,0,,,
,EngProtectionSystemConfig,3,Not available,,3,46,2,1,0,,,
,EngAlarmAcknowledge,3,Not Available,,3,48,2,1,0,,,
,EngAlarmOutputCmdStatus,3,Not Available,,3,50,2,1,0,,,
,EngAirShutoffCmdStatus,3,Not Available,,3,52,2,1,0,,,
,EngOverspeedTest,3,Not Available,,3,54,2,1,0,,,
,EngAirShutoffStatus,3,Not Available,,3,56,2,1,0,,,
,PTOShutdownHasShutdownEng,3,Not available,,3,58,2,1,0,,,
64,Receive,1037.5662,TC,18FEDD00,00FEDD,0,--,Extend,Data frm,8,FF E5 19 FF FF FF FF FF ,Turbocharger
,Name,Physical value,Description,Comment,Raw value(H),StartBit,BitWidth,Factor,Offset,,,
,EngTurboLubeOilPress1,1020kPa,--,,FF,0,8,4,0,,,
,EngTurbo1Speed,10540rpm,--,,A4B,8,16,4,0,,,
,EngTurboOilLevelSwitch,3,Not available,,3,30,2,1,0,,,
65,Receive,1036.5798,TCI2,18FE9A00,00FE9A,0,--,Extend,Data frm,8,40 25 FF FF FF FF FF FF ,
,Name,Physical value,Description,Comment,Raw value(H),StartBit,BitWidth,Factor,Offset,,,
,EngTurbo1CompressorIntakeTemp,35deg C,--,,2680,0,16,0.03125,-273,,,
,EngTurbo2CompressorIntakeTemp,1774.96875deg C,--,,FFFF,16,16,0.03125,-273,,,
,EngTurbo3CompressorIntakeTemp,1774.96875deg C,--,,FFFF,32,16,0.03125,-273,,,
,EngTurbo4CompressorIntakeTemp,1774.96875deg C,--,,FFFF,48,16,0.03125,-273,,,
66,Receive,1036.5881,TCI3,18FE9900,00FE99,0,--,Extend,Data frm,8,C0 AF FF FF FF FF FF FF ,
,Name,Physical value,Description,Comment,Raw value(H),StartBit,BitWidth,Factor,Offset,,,
,EngTurbo1CompressorIntakePress,101.4984682904039kPa,--,,AFC0,0,16,0.007812466,-250,,,
,EngTurbo2CompressorIntakePress,261.9899564236224kPa,--,,FFFF,16,16,0.007812466,-250,,,
,EngTurbo3CompressorIntakePress,261.9899564236224kPa,--,,FFFF,32,16,0.007812466,-250,,,
,EngTurbo4CompressorIntakePress,261.9899564236224kPa,--,,FFFF,48,16,0.007812466,-250,,,
67,Receive,1036.5954,TCI4,18FE9800,00FE98,0,--,Extend,Data frm,8,A0 50 FF FF FF FF FF FF ,
,Name,Physical value,Description,Comment,Raw value(H),StartBit,BitWidth,Factor,Offset,,,
,EngTurbo1TurbineIntakeTemp,118.09375deg C,--,,3.00E+04,0,16,0.03125,-273,,,
,EngTurbo2TurbineIntakeTemp,1774.96875deg C,--,,FFFF,16,16,0.03125,-273,,,
,EngTurbo3TurbineIntakeTemp,1774.96875deg C,--,,FFFF,32,16,0.03125,-273,,,
,EngTurbo4TurbineIntakeTemp,1774.96875deg C,--,,FFFF,48,16,0.03125,-273,,,
68,Receive,1036.6552,TCI5,18FE9700,00FE97,0,--,Extend,Data frm,8,C6 4D FF FF FF FF FF FF ,
,Name,Physical value,Description,Comment,Raw value(H),StartBit,BitWidth,Factor,Offset,,,
,EngTurbo1TurbineOutletTemp,117.28125deg C,--,,30C9,0,16,0.03125,-273,,,
,EngTurbo2TurbineOutletTemp,1774.96875deg C,--,,FFFF,16,16,0.03125,-273,,,
,EngTurbo3TurbineOutletTemp,1774.96875deg C,--,,FFFF,32,16,0.03125,-273,,,
,EngTurbo4TurbineOutletTemp,1774.96875deg C,--,,FFFF,48,16,0.03125,-273,,,
69,Receive,1036.6665,TCI6,18FDD300,00FDD3,0,--,Extend,Data frm,8,19 29 FF FF FF FF FF FF ,
,Name,Physical value,Description,Comment,Raw value(H),StartBit,BitWidth,Factor,Offset,,,
,EngTurbo1CompressorOutletTemp,38.5deg C,--,,26F0,0,16,0.03125,-273,,,
,EngTurbo2CompressorOutletTemp,1774.96875deg C,--,,FFFF,16,16,0.03125,-273,,,
,EngTurbo3CompressorOutletTemp,1774.96875deg C,--,,FFFF,32,16,0.03125,-273,,,
,EngTurbo4CompressorOutletTemp,1774.96875deg C,--,,FFFF,48,16,0.03125,-273,,,
70,Receive,1036.6775,VEP1,18FEF700,00FEF7,0,--,Extend,Data frm,8,FF FF FF FF 3B 02 3B 02 ,
,Name,Physical value,Description,Comment,Raw value(H),StartBit,BitWidth,Factor,Offset,,,
,NetBatteryCurrent,130A,--,,FF,0,8,1,-125,,,
,AltCurrent,255A,--,,FF,8,8,1,0,,,
,ChargingSystemPotential,3276.75V,--,,FFFF,16,16,0.05,0,,,
,BatteryPotential_PowerInput1,27.6V,--,,228,32,16,0.05,0,,,
,KeyswitchBatteryPotential,27.6V,--,,228,48,16,0.05,0,,,
71,Receive,1036.6869,HRLFC,18FD0900,00FD09,0,--,Extend,Data frm,8,9B 3F 70 02 9B 3F 70 02 ,
,Name,Physical value,Description,Comment,Raw value(H),StartBit,BitWidth,Factor,Offset,,,
,HighResolutionEngTripFuel,40907.974L,--,,27034C6,0,32,0.001,0,,,
,HighResolutionEngTotalFuelUsed,40907.974L,--,,27034C6,32,32,0.001,0,,,
72,Receive,1036.8306,AIR1,18FEAE30,00FEAE,30,--,Extend,Data frm,8,FF FF 8A 8A FF FF FD FF ,
,Name,Physical value,Description,Comment,Raw value(H),StartBit,BitWidth,Factor,Offset,,,
,PneumaticSupplyPress,2040kPa,--,,FF,0,8,8,0,,,
,ParkingAnd_orTrailerAirPress,2040kPa,--,,FF,8,8,8,0,,,
,ServiceBrakeCircuit1AirPress,1000kPa,--,,7D,16,8,8,0,,,
,ServiceBrakeCircuit2AirPress,1000kPa,--,,7D,24,8,8,0,,,
,AuxEquipmentSupplyPress,2040kPa,--,,FF,32,8,8,0,,,
,AirSuspensionSupplyPress,2040kPa,--,,FF,40,8,8,0,,,
,AirCompressorStatus,0,Compressor not active,,0,48,2,1,0,,,
73,Receive,1036.9864,VDHR,18FEC1EE,00FEC1,EE,--,Extend,Data frm,8,B4 B8 CD 01 6A 05 01 00 ,
,Name,Physical value,Description,Comment,Raw value(H),StartBit,BitWidth,Factor,Offset,,,
,HghRsolutionTotalVehicleDistance,151296.8994610744km,--,,1CDB8B4,0,32,0.005,0,,,
,HighResolutionTripDistance,334.6099988081058km,--,,1056A,32,32,0.005,0,,,
74,Receive,1036.8755,--,18FFEA31,00FFEA,31,--,Extend,Data frm,8,00 90 FF FF FF FF FF FF ,
75,Receive,1036.8767,TD,18FEE627,00FEE6,27,--,Extend,Data frm,8,78 34 0D FF FF FF 94 7D ,
,Name,Physical value,Description,Comment,Raw value(H),StartBit,BitWidth,Factor,Offset,,,
,Seconds,36s,--,,90,0,8,0.25,0,,,
,Minutes,36mins,--,,24,8,8,1,0,,,
,Hours,13hr,--,,D,16,8,1,0,,,
,Month,255months,--,,FF,24,8,1,0,,,
,Day,63.75days,--,,FF,32,8,0.25,0,,,
,Year,2240years,--,,FF,40,8,1,1985,,,
,LocalMinuteOffset,23mins,--,,94,48,8,1,-125,,,
,LocalHourOffset,0hr,--,,7D,56,8,1,-125,,,
76,Receive,1036.8772,--,18FF5127,00FF51,27,--,Extend,Data frm,8,59 4F 52 66 66 C8 23 F0 ,
77,Receive,1037.0362,TD,18FEE6EE,00FEE6,EE,--,Extend,Data frm,8,68 34 0D 02 13 28 94 7D ,
,Name,Physical value,Description,Comment,Raw value(H),StartBit,BitWidth,Factor,Offset,,,
,Seconds,32s,--,,80,0,8,0.25,0,,,
,Minutes,36mins,--,,24,8,8,1,0,,,
,Hours,13hr,--,,D,16,8,1,0,,,
,Month,2months,--,,2,24,8,1,0,,,
,Day,4.75days,--,,13,32,8,0.25,0,,,
,Year,2025years,--,,28,40,8,1,1985,,,
,LocalMinuteOffset,23mins,--,,94,48,8,1,-125,,,
,LocalHourOffset,0hr,--,,7D,56,8,1,-125,,,
78,Receive,1033.204,DM37,18FD6300,00FD63,0,--,Extend,Data frm,8,00 10 00 00 FF FF FF FF ,
,Name,Physical value,Description,Comment,Raw value(H),StartBit,BitWidth,Factor,Offset,,,
,SysNonRoadworthyCompCount,0,--,,0,0,8,1,0,,,
,SysMalIndActivationMode,0,--,,0,8,4,1,0,,,
,SysMalIndDisplayStrategy,1,--,,1,12,2,1,0,,,
,SysContinuousMalfunctionInd,0,--,,0,14,2,1,0,,,
,SysIncompleteMonitorCount,0,--,,0,16,16,1,0,,,
79,Receive,1036.923,TPCM,1CECFF00,00EC00,0,FF,Extend,Data frm,8,20 12 00 03 FF EC FE 00 ,
,Name,Physical value,Description,Comment,Raw value(H),StartBit,BitWidth,Factor,Offset,,,
,ControlByte,32,BAM,,20,0,8,1,0,,,
,PGNumber,65251,--,,FEE3,40,24,1,0,,,
80,Receive,0,EC1,1CFEE300,00FEE3,0,--,Extend,Data frm,39,30 11 AC 42 41 8A 20 1C DD 28 23 DD 00 32 D1 98 41 00 00 A1 0A A0 41 1E 37 D2 7D E1 A0 41 C5 03 FF FF 80 E0 FF FF FF ,
,Name,Physical value,Description,Comment,Raw value(H),StartBit,BitWidth,Factor,Offset,,,
,EngSpeedAtIdlePoint1,550rpm,--,,1130,0,16,0.125,0,,,
,EngPercentTorqueAtIdlePoint1,47%,--,,AC,16,8,1,-125,,,
,EngSpeedAtPoint2,2090.5rpm,--,,4154,24,16,0.125,0,,,
,EngPercentTorqueAtPoint2,13%,--,,8A,40,8,1,-125,,,
,EngSpeedAtPoint3,900rpm,--,,1C20,48,16,0.125,0,,,
,EngPercentTorqueAtPoint3,96%,--,,DD,64,8,1,-125,,,
,EngSpeedAtPoint4,1125rpm,--,,2328,72,16,0.125,0,,,
,EngPercentTorqueAtPoint4,96%,--,,DD,88,8,1,-125,,,
,EngSpeedAtPoint5,1600rpm,--,,3200,96,16,0.125,0,,,
,EngPercentTorqueAtPoint5,84%,--,,D1,112,8,1,-125,,,
,EngSpeedAtHighIdlePoint6,2099rpm,--,,4198,120,16,0.125,0,,,
,EngGain,0%/rpm,--,,0,136,16,0.000781262,0,,,
,EngReferenceTorque,2721Nm,--,,AA1,152,16,1,0,,,
,EngMxMmentaryOverrideSpeedPoint7,2100rpm,--,,41A0,168,16,0.125,0,,,
,EngMaxMomentaryOverrideTimeLimit,3s,--,,1E,184,8,0.1,0,,,
,EngRqstdSpeedCtrlRangeLowerLimit,550rpm,--,,37,192,8,10,0,,,
,EngRqstdSpeedCtrlRangeUpperLimit,2090rpm,--,,D1,200,8,10,0,,,
,EngRqstdTrqueCtrlRangeLowerLimit,0%,--,,7D,208,8,1,-125,,,
,EngRqstdTrqueCtrlRangeUpperLimit,100%,--,,E1,216,8,1,-125,,,
,EngExRngRqstdSpdCtrlRngUpprLimit,2090.5rpm,--,,4154,224,16,0.125,0,,,
,EngMomentOfInertia,965kg-m^2,--,,3C5,240,16,1,0,,,
,EngDefaultTorqueLimit,65535Nm,--,,FFFF,256,16,1,0,,,
,SupportVariableRateTSC1Message,128,--,,80,272,8,1,0,,,
,SupportTSC1CtrlPurposeGroup1,224,--,,E0,280,8,1,0,,,
,SupportTSC1CtrlPurposeGroup2,255,--,,FF,288,8,1,0,,,
,SupportTSC1CtrlPurposeGroup3,255,--,,FF,296,8,1,0,,,
,SupportTSC1CtrlPurposeGroup4,255,--,,FF,304,8,1,0,,,
81,Receive,1033.9839,TPCM,1CECFF29,00EC00,29,FF,Extend,Data frm,8,20 13 00 03 FF E1 FE 00 ,
,Name,Physical value,Description,Comment,Raw value(H),StartBit,BitWidth,Factor,Offset,,,
,ControlByte,32,BAM,,20,0,8,1,0,,,
,PGNumber,65249,--,,FEE1,40,24,1,0,,,
82,Receive,0,RC,1CFEE129,00FEE1,29,--,Extend,Data frm,19,03 00 C0 12 72 E0 47 24 90 1A 5C E0 2E 1B A0 41 F3 06 21 ,
,Name,Physical value,Description,Comment,Raw value(H),StartBit,BitWidth,Factor,Offset,,,
,RetarderType,3,Compression Release Engine retarder,,3,0,4,1,0,,,
,RetarderLocation,0,Primary Engine Compression Release Brake Engine rpm,,0,4,4,1,0,,,
,RetarderCtrlMethod,0steps,--,,0,8,8,1,0,,,
,RetarderSpeedAtIdlePoint1,600rpm,--,,12C0,16,16,0.125,0,,,
,PercentTorqueAtIdlePoint1,-11%,--,,72,32,8,1,-125,,,
,MaxRetarderSpeedPoint2,2300rpm,--,,4.70E+01,40,16,0.125,0,,,
,PercentTorqueAtMaxSpeedPoint2,-89%,--,,24,56,8,1,-125,,,
,RetarderSpeedAtPoint3,850rpm,--,,1A90,64,16,0.125,0,,,
,PercentTorqueAtPoint3,-33%,--,,5C,80,8,1,-125,,,
,RetarderSpeedAtPoint4,1500rpm,--,,2EE0,88,16,0.125,0,,,
,PercentTorqueAtPoint4,-98%,--,,1B,104,8,1,-125,,,
,RetarderSpeedAtPeakTorquePoint5,2100rpm,--,,41A0,112,16,0.125,0,,,
,ReferenceRetarderTorque,1779Nm,--,,6F3,128,16,1,0,,,
,PercentTorqueAtPeakTorquePoint5,-92%,--,,21,144,8,1,-125,,,
83,Receive,1036.567,CVW,18FE700B,00FE70,0B,--,Extend,Data frm,8,FF FF C8 05 FF FF FF FF ,
,Name,Physical value,Description,Comment,Raw value(H),StartBit,BitWidth,Factor,Offset,,,
,PoweredVehicleWeight,655350kg,--,,FFFF,0,16,10,0,,,
,GrossCombinationVehicleWeight,655350kg,--,,FFFF,16,16,10,0,,,
84,Receive,1036.721,FMS,1CFDD127,00FDD1,27,--,Extend,Data frm,8,F0 30 33 30 30 FF FF FF ,
,Name,Physical value,Description,Comment,Raw value(H),StartBit,BitWidth,Factor,Offset,,,
,FMSstandardDiagnosticsSupported,0,Diagnostics Is Not Supported,,0,0,2,1,0,,,
,FMSstandardRequestsSupported,0,On request mode is not supported,,0,2,2,1,0,,,
85,Receive,0,VI,1CFEEC00,00FEEC,0,--,Extend,Data frm,18,58 4C 52 54 45 4D 34 33 30 30 47 34 33 38 33 39 35 2A ,
,Name,Physical value,Description,Comment,Raw value(H),StartBit,BitWidth,Factor,Offset,,,
,VehicleIdentificationNumber,89.76000000000001per byte,--,,58,0,8,1.02,0,,,
86,Receive,1036.9163,CL,18D0FF27,00D000,27,FF,Extend,Data frm,8,00 FF FF FF FF FF FF FF ,
,Name,Physical value,Description,Comment,Raw value(H),StartBit,BitWidth,Factor,Offset,,,
,IlluminationBrightnessPercent,0%,--,,0,0,8,1,0,,,
87,Receive,1031.9143,--,18FFE831,00FFE8,31,--,Extend,Data frm,8,26 00 40 00 00 50 F1 FF ,
88,Receive,1004.7427,--,18FFE733,00FFE7,33,--,Extend,Data frm,8,A7 7D 6A FF CF FF FF F7 ,
